{"cameraMode":{"drawMode":0,"name":"Shaded","section":"Shading Mode"},"sceneLighting":true,"audioPlay":false,"sceneViewState":{"showFog":true,"showMaterialUpdate":false,"showSkybox":true,"showFlares":true,"showImageEffects":true,"showParticleSystems":true},"in2DMode":false,"pivot":{"x":1.0780482292175294,"y":-0.022633671760559083,"z":-0.4135979413986206},"rotation":{"x":-0.12830621004104615,"y":0.5702707171440125,"z":-0.09074883908033371,"w":-0.8062837719917297},"size":4.846985340118408,"orthographic":false}